{
  "$schema": "https://developer.microsoft.com/json-schemas/core-build/serve.schema.json",
  "port": 4321,
  "https": true,
  "serveConfigurations": {
    "default": {
      "pageUrl": "https://contoso.sharepoint.com/sites/mySite/SitePages/myPage.aspx",
      "customActions": {
        "2699a661-6dd2-45fc-9acf-00eaf67318df": {
          "location": "ClientSideExtension.ApplicationCustomizer",
          "properties": {
            "googleTrackingId": ""
          }
        }
      }
    },
    "analytics": {
      "pageUrl": "https://contoso.sharepoint.com/sites/mySite/SitePages/myPage.aspx",
      "customActions": {
        "2699a661-6dd2-45fc-9acf-00eaf67318df": {
          "location": "ClientSideExtension.ApplicationCustomizer",
          "properties": {
            "googleTrackingId": ""
          }
        }
      }
    }
  },
  "initialPage": "https://localhost:5432/workbench",
  "api": {
    "port": 5432,
    "entryPath": "node_modules/@microsoft/sp-webpart-workbench/lib/api/"
  }
}
